Holiday_ID,,Model,R square,AIC,BIC,Hannan-Quinn,Lejune Box,Significant Predictors
0,,Model 1,0.287197,35571.3,35789.76,35651.51,,
0,,Model 2,,,,,,
0,,Model 3,,,,,,
0,,Model 4,,,,,,
0,,,,,,,,
0,,,,,,,,
2,,,,,,,,
0,,,,,,,,
0,,,,,,,,
0,,,,,,,,
0,,,,,,,,
0,,,,,,,,
0,,,,,,,,
0,,,,,,,,
0,,,,,,,,
0,,,,,,,,
0,,,,,,,,
0,,,,,,,,
0,,,,,,,,
0,,,,,,,,
0,,,,,,,,
0,,,,,,,,
0,,,,,,,,
0,,,,,,,,
0,,,,,,,,
0,,,,,,,,
0,,,,,,,,
0,,,,,,,,
0,,,,,,,,
0,,,,,,,,
0,,,,,,,,
0,,,,,,,,
0,,,,,,,,
0,,,,,,,,
0,,,,,,,,
0,,,,,,,,
0,,,,,,,,
0,,,,,,,,
0,,,,,,,,
0,,,,,,,,
0,,,,,,,,
0,,,,,,,,
3,,,,,,,,
4,,,,,,,,
5,,,,,,,,
6,,,,,,,,
7,,,,,,,,
0,,,,,,,,
0,,,,,,,,
0,,,,,,,,
0,,,,,,,,
0,,,,,,,,
0,,,,,,,,
0,,,,,,,,
0,,,,,,,,
0,,,,,,,,
0,,,,,,,,
0,,,,,,,,
0,,,,,,,,
0,,,,,,,,
0,,,,,,,,
0,,,,,,,,
0,,,,,,,,
0,,,,,,,,
0,,,,,,,,
0,,,,,,,,
0,,,,,,,,
0,,,,,,,,
0,,,,,,,,
0,,,,,,,,
0,,,,,,,,
0,,,,,,,,
0,,,,,,,,
0,,,,,,,,
0,,,,,,,,
0,,,,,,,,
0,,,,,,,,
0,,,,,,,,
0,,,,,,,,
0,,,,,,,,
0,,,,,,,,
0,,,,,,,,
0,,,,,,,,
0,,,,,,,,
0,,,,,,,,
0,,,,,,,,
0,,,,,,,,
0,,,,,,,,
0,,,,,,,,
8,,,,,,,,
9,,,,,,,,
10,,,,,,,,
11,,,,,,,,
0,,,,,,,,
0,,,,,,,,
0,,,,,,,,
0,,,,,,,,
0,,,,,,,,
0,,,,,,,,
0,,,,,,,,
0,,,,,,,,
0,,,,,,,,
0,,,,,,,,
0,,,,,,,,
0,,,,,,,,
0,,,,,,,,
0,,,,,,,,
0,,,,,,,,
0,,,,,,,,
0,,,,,,,,
0,,,,,,,,
0,,,,,,,,
0,,,,,,,,
0,,,,,,,,
0,,,,,,,,
0,,,,,,,,
0,,,,,,,,
0,,,,,,,,
12,,,,,,,,
0,,,,,,,,
0,,,,,,,,
0,,,,,,,,
0,,,,,,,,
0,,,,,,,,
0,,,,,,,,
0,,,,,,,,
0,,,,,,,,
0,,,,,,,,
0,,,,,,,,
0,,,,,,,,
0,,,,,,,,
0,,,,,,,,
0,,,,,,,,
0,,,,,,,,
0,,,,,,,,
0,,,,,,,,
0,,,,,,,,
0,,,,,,,,
0,,,,,,,,
0,,,,,,,,
0,,,,,,,,
0,,,,,,,,
0,,,,,,,,
0,,,,,,,,
0,,,,,,,,
0,,,,,,,,
0,,,,,,,,
0,,,,,,,,
0,,,,,,,,
0,,,,,,,,
0,,,,,,,,
0,,,,,,,,
0,,,,,,,,
0,,,,,,,,
0,,,,,,,,
0,,,,,,,,
0,,,,,,,,
0,,,,,,,,
0,,,,,,,,
0,,,,,,,,
0,,,,,,,,
0,,,,,,,,
0,,,,,,,,
0,,,,,,,,
0,,,,,,,,
0,,,,,,,,
0,,,,,,,,
0,,,,,,,,
0,,,,,,,,
0,,,,,,,,
0,,,,,,,,
0,,,,,,,,
0,,,,,,,,
0,,,,,,,,
0,,,,,,,,
0,,,,,,,,
0,,,,,,,,
0,,,,,,,,
0,,,,,,,,
0,,,,,,,,
0,,,,,,,,
0,,,,,,,,
0,,,,,,,,
0,,,,,,,,
0,,,,,,,,
0,,,,,,,,
0,,,,,,,,
0,,,,,,,,
0,,,,,,,,
0,,,,,,,,
0,,,,,,,,
0,,,,,,,,
0,,,,,,,,
0,,,,,,,,
0,,,,,,,,
0,,,,,,,,
0,,,,,,,,
0,,,,,,,,
0,,,,,,,,
0,,,,,,,,
0,,,,,,,,
0,,,,,,,,
0,,,,,,,,
0,,,,,,,,
0,,,,,,,,
0,,,,,,,,
0,,,,,,,,
0,,,,,,,,
0,,,,,,,,
0,,,,,,,,
0,,,,,,,,
0,,,,,,,,
0,,,,,,,,
0,,,,,,,,
0,,,,,,,,
0,,,,,,,,
0,,,,,,,,
0,,,,,,,,
0,,,,,,,,
0,,,,,,,,
0,,,,,,,,
0,,,,,,,,
0,,,,,,,,
0,,,,,,,,
0,,,,,,,,
0,,,,,,,,
13,,,,,,,,
0,,,,,,,,
0,,,,,,,,
0,,,,,,,,
0,,,,,,,,
0,,,,,,,,
0,,,,,,,,
0,,,,,,,,
0,,,,,,,,
0,,,,,,,,
0,,,,,,,,
0,,,,,,,,
0,,,,,,,,
0,,,,,,,,
0,,,,,,,,
0,,,,,,,,
0,,,,,,,,
0,,,,,,,,
0,,,,,,,,
0,,,,,,,,
0,,,,,,,,
0,,,,,,,,
0,,,,,,,,
0,,,,,,,,
0,,,,,,,,
0,,,,,,,,
0,,,,,,,,
0,,,,,,,,
0,,,,,,,,
0,,,,,,,,
0,,,,,,,,
0,,,,,,,,
0,,,,,,,,
0,,,,,,,,
0,,,,,,,,
0,,,,,,,,
0,,,,,,,,
0,,,,,,,,
0,,,,,,,,
0,,,,,,,,
0,,,,,,,,
0,,,,,,,,
0,,,,,,,,
0,,,,,,,,
0,,,,,,,,
0,,,,,,,,
0,,,,,,,,
0,,,,,,,,
0,,,,,,,,
0,,,,,,,,
0,,,,,,,,
0,,,,,,,,
0,,,,,,,,
0,,,,,,,,
0,,,,,,,,
0,,,,,,,,
0,,,,,,,,
0,,,,,,,,
0,,,,,,,,
0,,,,,,,,
0,,,,,,,,
0,,,,,,,,
0,,,,,,,,
0,,,,,,,,
0,,,,,,,,
0,,,,,,,,
0,,,,,,,,
0,,,,,,,,
0,,,,,,,,
0,,,,,,,,
0,,,,,,,,
0,,,,,,,,
0,,,,,,,,
0,,,,,,,,
0,,,,,,,,
0,,,,,,,,
0,,,,,,,,
0,,,,,,,,
14,,,,,,,,
15,,,,,,,,
16,,,,,,,,
0,,,,,,,,
0,,,,,,,,
0,,,,,,,,
0,,,,,,,,
17,,,,,,,,
0,,,,,,,,
0,,,,,,,,
0,,,,,,,,
0,,,,,,,,
0,,,,,,,,
0,,,,,,,,
0,,,,,,,,
0,,,,,,,,
0,,,,,,,,
0,,,,,,,,
0,,,,,,,,
0,,,,,,,,
0,,,,,,,,
0,,,,,,,,
0,,,,,,,,
0,,,,,,,,
0,,,,,,,,
18,,,,,,,,
0,,,,,,,,
0,,,,,,,,
0,,,,,,,,
0,,,,,,,,
0,,,,,,,,
0,,,,,,,,
0,,,,,,,,
0,,,,,,,,
0,,,,,,,,
19,,,,,,,,
0,,,,,,,,
0,,,,,,,,
0,,,,,,,,
0,,,,,,,,
0,,,,,,,,
0,,,,,,,,
0,,,,,,,,
0,,,,,,,,
0,,,,,,,,
0,,,,,,,,
0,,,,,,,,
0,,,,,,,,
0,,,,,,,,
0,,,,,,,,
0,,,,,,,,
20,,,,,,,,
21,,,,,,,,
0,,,,,,,,
0,,,,,,,,
0,,,,,,,,
0,,,,,,,,
0,,,,,,,,
22,,,,,,,,
1,,,,,,,,
0,,,,,,,,
0,,,,,,,,
0,,,,,,,,
0,,,,,,,,
0,,,,,,,,
0,,,,,,,,
0,,,,,,,,
2,,,,,,,,
0,,,,,,,,
0,,,,,,,,
0,,,,,,,,
0,,,,,,,,
0,,,,,,,,
0,,,,,,,,
0,,,,,,,,
0,,,,,,,,
0,,,,,,,,
0,,,,,,,,
0,,,,,,,,
0,,,,,,,,
0,,,,,,,,
0,,,,,,,,
0,,,,,,,,
0,,,,,,,,
0,,,,,,,,
0,,,,,,,,
0,,,,,,,,
0,,,,,,,,
0,,,,,,,,
0,,,,,,,,
0,,,,,,,,
0,,,,,,,,
0,,,,,,,,
0,,,,,,,,
0,,,,,,,,
3,,,,,,,,
4,,,,,,,,
5,,,,,,,,
6,,,,,,,,
7,,,,,,,,
0,,,,,,,,
0,,,,,,,,
0,,,,,,,,
0,,,,,,,,
0,,,,,,,,
0,,,,,,,,
0,,,,,,,,
0,,,,,,,,
0,,,,,,,,
0,,,,,,,,
0,,,,,,,,
0,,,,,,,,
0,,,,,,,,
0,,,,,,,,
0,,,,,,,,
0,,,,,,,,
0,,,,,,,,
0,,,,,,,,
0,,,,,,,,
0,,,,,,,,
0,,,,,,,,
0,,,,,,,,
0,,,,,,,,
0,,,,,,,,
0,,,,,,,,
0,,,,,,,,
0,,,,,,,,
0,,,,,,,,
0,,,,,,,,
0,,,,,,,,
0,,,,,,,,
0,,,,,,,,
0,,,,,,,,
0,,,,,,,,
0,,,,,,,,
0,,,,,,,,
0,,,,,,,,
0,,,,,,,,
0,,,,,,,,
0,,,,,,,,
0,,,,,,,,
0,,,,,,,,
8,,,,,,,,
9,,,,,,,,
10,,,,,,,,
11,,,,,,,,
0,,,,,,,,
0,,,,,,,,
0,,,,,,,,
0,,,,,,,,
0,,,,,,,,
0,,,,,,,,
0,,,,,,,,
0,,,,,,,,
0,,,,,,,,
0,,,,,,,,
0,,,,,,,,
0,,,,,,,,
0,,,,,,,,
0,,,,,,,,
0,,,,,,,,
0,,,,,,,,
0,,,,,,,,
0,,,,,,,,
0,,,,,,,,
0,,,,,,,,
0,,,,,,,,
0,,,,,,,,
0,,,,,,,,
0,,,,,,,,
0,,,,,,,,
0,,,,,,,,
0,,,,,,,,
0,,,,,,,,
0,,,,,,,,
0,,,,,,,,
0,,,,,,,,
0,,,,,,,,
0,,,,,,,,
0,,,,,,,,
12,,,,,,,,
12,,,,,,,,
0,,,,,,,,
0,,,,,,,,
0,,,,,,,,
0,,,,,,,,
0,,,,,,,,
0,,,,,,,,
0,,,,,,,,
0,,,,,,,,
0,,,,,,,,
0,,,,,,,,
0,,,,,,,,
0,,,,,,,,
0,,,,,,,,
0,,,,,,,,
0,,,,,,,,
0,,,,,,,,
0,,,,,,,,
0,,,,,,,,
0,,,,,,,,
0,,,,,,,,
0,,,,,,,,
0,,,,,,,,
0,,,,,,,,
0,,,,,,,,
0,,,,,,,,
0,,,,,,,,
0,,,,,,,,
0,,,,,,,,
0,,,,,,,,
0,,,,,,,,
0,,,,,,,,
0,,,,,,,,
0,,,,,,,,
0,,,,,,,,
0,,,,,,,,
0,,,,,,,,
0,,,,,,,,
0,,,,,,,,
0,,,,,,,,
0,,,,,,,,
0,,,,,,,,
0,,,,,,,,
0,,,,,,,,
0,,,,,,,,
0,,,,,,,,
0,,,,,,,,
0,,,,,,,,
0,,,,,,,,
0,,,,,,,,
0,,,,,,,,
0,,,,,,,,
0,,,,,,,,
0,,,,,,,,
0,,,,,,,,
0,,,,,,,,
0,,,,,,,,
0,,,,,,,,
0,,,,,,,,
0,,,,,,,,
0,,,,,,,,
0,,,,,,,,
0,,,,,,,,
0,,,,,,,,
0,,,,,,,,
0,,,,,,,,
0,,,,,,,,
0,,,,,,,,
0,,,,,,,,
0,,,,,,,,
0,,,,,,,,
0,,,,,,,,
0,,,,,,,,
0,,,,,,,,
0,,,,,,,,
0,,,,,,,,
0,,,,,,,,
0,,,,,,,,
0,,,,,,,,
0,,,,,,,,
0,,,,,,,,
0,,,,,,,,
0,,,,,,,,
0,,,,,,,,
0,,,,,,,,
0,,,,,,,,
0,,,,,,,,
0,,,,,,,,
0,,,,,,,,
0,,,,,,,,
0,,,,,,,,
0,,,,,,,,
0,,,,,,,,
0,,,,,,,,
0,,,,,,,,
0,,,,,,,,
0,,,,,,,,
0,,,,,,,,
0,,,,,,,,
0,,,,,,,,
0,,,,,,,,
0,,,,,,,,
0,,,,,,,,
0,,,,,,,,
0,,,,,,,,
13,,,,,,,,
0,,,,,,,,
0,,,,,,,,
0,,,,,,,,
0,,,,,,,,
0,,,,,,,,
0,,,,,,,,
0,,,,,,,,
0,,,,,,,,
0,,,,,,,,
0,,,,,,,,
0,,,,,,,,
0,,,,,,,,
0,,,,,,,,
0,,,,,,,,
0,,,,,,,,
0,,,,,,,,
0,,,,,,,,
0,,,,,,,,
0,,,,,,,,
0,,,,,,,,
0,,,,,,,,
0,,,,,,,,
0,,,,,,,,
0,,,,,,,,
0,,,,,,,,
0,,,,,,,,
0,,,,,,,,
0,,,,,,,,
0,,,,,,,,
0,,,,,,,,
0,,,,,,,,
0,,,,,,,,
0,,,,,,,,
0,,,,,,,,
0,,,,,,,,
0,,,,,,,,
0,,,,,,,,
0,,,,,,,,
0,,,,,,,,
0,,,,,,,,
0,,,,,,,,
0,,,,,,,,
0,,,,,,,,
0,,,,,,,,
0,,,,,,,,
0,,,,,,,,
0,,,,,,,,
0,,,,,,,,
0,,,,,,,,
0,,,,,,,,
0,,,,,,,,
0,,,,,,,,
0,,,,,,,,
0,,,,,,,,
0,,,,,,,,
0,,,,,,,,
0,,,,,,,,
0,,,,,,,,
0,,,,,,,,
0,,,,,,,,
0,,,,,,,,
0,,,,,,,,
0,,,,,,,,
0,,,,,,,,
0,,,,,,,,
0,,,,,,,,
0,,,,,,,,
0,,,,,,,,
0,,,,,,,,
0,,,,,,,,
0,,,,,,,,
0,,,,,,,,
0,,,,,,,,
0,,,,,,,,
0,,,,,,,,
0,,,,,,,,
0,,,,,,,,
0,,,,,,,,
0,,,,,,,,
14,,,,,,,,
15,,,,,,,,
16,,,,,,,,
0,,,,,,,,
0,,,,,,,,
0,,,,,,,,
0,,,,,,,,
17,,,,,,,,
0,,,,,,,,
0,,,,,,,,
0,,,,,,,,
0,,,,,,,,
0,,,,,,,,
0,,,,,,,,
0,,,,,,,,
0,,,,,,,,
0,,,,,,,,
0,,,,,,,,
0,,,,,,,,
0,,,,,,,,
0,,,,,,,,
0,,,,,,,,
0,,,,,,,,
0,,,,,,,,
0,,,,,,,,
18,,,,,,,,
0,,,,,,,,
0,,,,,,,,
0,,,,,,,,
0,,,,,,,,
0,,,,,,,,
0,,,,,,,,
0,,,,,,,,
0,,,,,,,,
0,,,,,,,,
19,,,,,,,,
0,,,,,,,,
0,,,,,,,,
0,,,,,,,,
0,,,,,,,,
0,,,,,,,,
0,,,,,,,,
0,,,,,,,,
0,,,,,,,,
0,,,,,,,,
0,,,,,,,,
0,,,,,,,,
0,,,,,,,,
0,,,,,,,,
0,,,,,,,,
0,,,,,,,,
20,,,,,,,,
21,,,,,,,,
21,,,,,,,,
0,,,,,,,,
0,,,,,,,,
0,,,,,,,,
0,,,,,,,,
22,,,,,,,,
1,,,,,,,,
1,,,,,,,,
0,,,,,,,,
0,,,,,,,,
0,,,,,,,,
0,,,,,,,,
0,,,,,,,,
0,,,,,,,,
2,,,,,,,,
0,,,,,,,,
0,,,,,,,,
0,,,,,,,,
0,,,,,,,,
0,,,,,,,,
0,,,,,,,,
0,,,,,,,,
0,,,,,,,,
0,,,,,,,,
0,,,,,,,,
0,,,,,,,,
0,,,,,,,,
0,,,,,,,,
0,,,,,,,,
0,,,,,,,,
0,,,,,,,,
0,,,,,,,,
0,,,,,,,,
0,,,,,,,,
0,,,,,,,,
0,,,,,,,,
0,,,,,,,,
0,,,,,,,,
0,,,,,,,,
0,,,,,,,,
0,,,,,,,,
0,,,,,,,,
0,,,,,,,,
0,,,,,,,,
0,,,,,,,,
0,,,,,,,,
0,,,,,,,,
0,,,,,,,,
0,,,,,,,,
0,,,,,,,,
0,,,,,,,,
0,,,,,,,,
0,,,,,,,,
0,,,,,,,,
0,,,,,,,,
0,,,,,,,,
0,,,,,,,,
0,,,,,,,,
0,,,,,,,,
0,,,,,,,,
0,,,,,,,,
3,,,,,,,,
4,,,,,,,,
5,,,,,,,,
6,,,,,,,,
7,,,,,,,,
0,,,,,,,,
0,,,,,,,,
0,,,,,,,,
0,,,,,,,,
0,,,,,,,,
0,,,,,,,,
0,,,,,,,,
0,,,,,,,,
0,,,,,,,,
0,,,,,,,,
0,,,,,,,,
0,,,,,,,,
0,,,,,,,,
0,,,,,,,,
0,,,,,,,,
0,,,,,,,,
0,,,,,,,,
0,,,,,,,,
0,,,,,,,,
0,,,,,,,,
0,,,,,,,,
0,,,,,,,,
0,,,,,,,,
0,,,,,,,,
0,,,,,,,,
0,,,,,,,,
0,,,,,,,,
0,,,,,,,,
0,,,,,,,,
0,,,,,,,,
0,,,,,,,,
0,,,,,,,,
0,,,,,,,,
0,,,,,,,,
0,,,,,,,,
0,,,,,,,,
0,,,,,,,,
0,,,,,,,,
0,,,,,,,,
0,,,,,,,,
0,,,,,,,,
0,,,,,,,,
8,,,,,,,,
9,,,,,,,,
10,,,,,,,,
11,,,,,,,,
0,,,,,,,,
0,,,,,,,,
0,,,,,,,,
0,,,,,,,,
0,,,,,,,,
0,,,,,,,,
0,,,,,,,,
0,,,,,,,,
0,,,,,,,,
0,,,,,,,,
0,,,,,,,,
0,,,,,,,,
0,,,,,,,,
0,,,,,,,,
12,,,,,,,,
0,,,,,,,,
0,,,,,,,,
0,,,,,,,,
0,,,,,,,,
0,,,,,,,,
0,,,,,,,,
0,,,,,,,,
0,,,,,,,,
0,,,,,,,,
0,,,,,,,,
0,,,,,,,,
0,,,,,,,,
0,,,,,,,,
0,,,,,,,,
0,,,,,,,,
0,,,,,,,,
0,,,,,,,,
0,,,,,,,,
0,,,,,,,,
0,,,,,,,,
0,,,,,,,,
0,,,,,,,,
0,,,,,,,,
0,,,,,,,,
0,,,,,,,,
0,,,,,,,,
0,,,,,,,,
0,,,,,,,,
0,,,,,,,,
0,,,,,,,,
0,,,,,,,,
0,,,,,,,,
0,,,,,,,,
0,,,,,,,,
0,,,,,,,,
0,,,,,,,,
0,,,,,,,,
0,,,,,,,,
0,,,,,,,,
0,,,,,,,,
0,,,,,,,,
0,,,,,,,,
0,,,,,,,,
0,,,,,,,,
0,,,,,,,,
0,,,,,,,,
0,,,,,,,,
0,,,,,,,,
0,,,,,,,,
0,,,,,,,,
0,,,,,,,,
0,,,,,,,,
0,,,,,,,,
0,,,,,,,,
0,,,,,,,,
0,,,,,,,,
0,,,,,,,,
0,,,,,,,,
0,,,,,,,,
0,,,,,,,,
0,,,,,,,,
0,,,,,,,,
0,,,,,,,,
0,,,,,,,,
0,,,,,,,,
0,,,,,,,,
0,,,,,,,,
0,,,,,,,,
0,,,,,,,,
0,,,,,,,,
0,,,,,,,,
0,,,,,,,,
0,,,,,,,,
0,,,,,,,,
0,,,,,,,,
0,,,,,,,,
0,,,,,,,,
0,,,,,,,,
0,,,,,,,,
0,,,,,,,,
0,,,,,,,,
0,,,,,,,,
0,,,,,,,,
0,,,,,,,,
0,,,,,,,,
0,,,,,,,,
0,,,,,,,,
0,,,,,,,,
0,,,,,,,,
0,,,,,,,,
0,,,,,,,,
0,,,,,,,,
0,,,,,,,,
0,,,,,,,,
0,,,,,,,,
0,,,,,,,,
0,,,,,,,,
0,,,,,,,,
0,,,,,,,,
0,,,,,,,,
0,,,,,,,,
0,,,,,,,,
0,,,,,,,,
0,,,,,,,,
0,,,,,,,,
13,,,,,,,,
0,,,,,,,,
0,,,,,,,,
0,,,,,,,,
0,,,,,,,,
0,,,,,,,,
0,,,,,,,,
0,,,,,,,,
0,,,,,,,,
0,,,,,,,,
0,,,,,,,,
0,,,,,,,,
0,,,,,,,,
0,,,,,,,,
0,,,,,,,,
0,,,,,,,,
0,,,,,,,,
0,,,,,,,,
0,,,,,,,,
0,,,,,,,,
0,,,,,,,,
0,,,,,,,,
0,,,,,,,,
0,,,,,,,,
0,,,,,,,,
0,,,,,,,,
0,,,,,,,,
0,,,,,,,,
0,,,,,,,,
0,,,,,,,,
0,,,,,,,,
0,,,,,,,,
0,,,,,,,,
0,,,,,,,,
0,,,,,,,,
0,,,,,,,,
0,,,,,,,,
0,,,,,,,,
0,,,,,,,,
0,,,,,,,,
0,,,,,,,,
0,,,,,,,,
0,,,,,,,,
0,,,,,,,,
0,,,,,,,,
0,,,,,,,,
0,,,,,,,,
0,,,,,,,,
0,,,,,,,,
0,,,,,,,,
0,,,,,,,,
0,,,,,,,,
0,,,,,,,,
0,,,,,,,,
0,,,,,,,,
0,,,,,,,,
0,,,,,,,,
0,,,,,,,,
0,,,,,,,,
0,,,,,,,,
0,,,,,,,,
0,,,,,,,,
0,,,,,,,,
0,,,,,,,,
0,,,,,,,,
0,,,,,,,,
0,,,,,,,,
0,,,,,,,,
0,,,,,,,,
0,,,,,,,,
0,,,,,,,,
0,,,,,,,,
0,,,,,,,,
0,,,,,,,,
0,,,,,,,,
0,,,,,,,,
0,,,,,,,,
0,,,,,,,,
0,,,,,,,,
0,,,,,,,,
14,,,,,,,,
15,,,,,,,,
16,,,,,,,,
16,,,,,,,,
0,,,,,,,,
0,,,,,,,,
0,,,,,,,,
17,,,,,,,,
0,,,,,,,,
0,,,,,,,,
0,,,,,,,,
0,,,,,,,,
0,,,,,,,,
0,,,,,,,,
0,,,,,,,,
0,,,,,,,,
0,,,,,,,,
0,,,,,,,,
0,,,,,,,,
0,,,,,,,,
0,,,,,,,,
0,,,,,,,,
0,,,,,,,,
0,,,,,,,,
0,,,,,,,,
18,,,,,,,,
0,,,,,,,,
0,,,,,,,,
0,,,,,,,,
0,,,,,,,,
0,,,,,,,,
0,,,,,,,,
0,,,,,,,,
0,,,,,,,,
0,,,,,,,,
19,,,,,,,,
0,,,,,,,,
0,,,,,,,,
0,,,,,,,,
0,,,,,,,,
0,,,,,,,,
0,,,,,,,,
0,,,,,,,,
0,,,,,,,,
0,,,,,,,,
0,,,,,,,,
0,,,,,,,,
0,,,,,,,,
0,,,,,,,,
0,,,,,,,,
0,,,,,,,,
20,,,,,,,,
21,,,,,,,,
0,,,,,,,,
0,,,,,,,,
0,,,,,,,,
0,,,,,,,,
0,,,,,,,,
22,,,,,,,,
1,,,,,,,,
0,,,,,,,,
0,,,,,,,,
0,,,,,,,,
0,,,,,,,,
0,,,,,,,,
0,,,,,,,,
0,,,,,,,,
2,,,,,,,,
0,,,,,,,,
0,,,,,,,,
0,,,,,,,,
0,,,,,,,,
0,,,,,,,,
0,,,,,,,,
0,,,,,,,,
0,,,,,,,,
0,,,,,,,,
0,,,,,,,,
0,,,,,,,,
0,,,,,,,,
0,,,,,,,,
0,,,,,,,,
0,,,,,,,,
0,,,,,,,,
0,,,,,,,,
0,,,,,,,,
0,,,,,,,,
0,,,,,,,,
0,,,,,,,,
0,,,,,,,,
0,,,,,,,,
0,,,,,,,,
0,,,,,,,,
0,,,,,,,,
0,,,,,,,,
0,,,,,,,,
0,,,,,,,,
0,,,,,,,,
0,,,,,,,,
3,,,,,,,,
4,,,,,,,,
5,,,,,,,,
6,,,,,,,,
7,,,,,,,,
0,,,,,,,,
0,,,,,,,,
0,,,,,,,,
0,,,,,,,,
0,,,,,,,,
0,,,,,,,,
0,,,,,,,,
0,,,,,,,,
0,,,,,,,,
0,,,,,,,,
0,,,,,,,,
0,,,,,,,,
0,,,,,,,,
0,,,,,,,,
0,,,,,,,,
0,,,,,,,,
0,,,,,,,,
0,,,,,,,,
0,,,,,,,,
0,,,,,,,,
0,,,,,,,,
0,,,,,,,,
0,,,,,,,,
0,,,,,,,,
0,,,,,,,,
0,,,,,,,,
0,,,,,,,,
0,,,,,,,,
0,,,,,,,,
0,,,,,,,,
0,,,,,,,,
0,,,,,,,,
0,,,,,,,,
0,,,,,,,,
0,,,,,,,,
0,,,,,,,,
0,,,,,,,,
0,,,,,,,,
0,,,,,,,,
0,,,,,,,,
0,,,,,,,,
0,,,,,,,,
8,,,,,,,,
9,,,,,,,,
10,,,,,,,,
11,,,,,,,,
0,,,,,,,,
0,,,,,,,,
0,,,,,,,,
0,,,,,,,,
0,,,,,,,,
0,,,,,,,,
0,,,,,,,,
0,,,,,,,,
0,,,,,,,,
0,,,,,,,,
0,,,,,,,,
0,,,,,,,,
0,,,,,,,,
0,,,,,,,,
0,,,,,,,,
0,,,,,,,,
0,,,,,,,,
0,,,,,,,,
0,,,,,,,,
0,,,,,,,,
0,,,,,,,,
0,,,,,,,,
0,,,,,,,,
0,,,,,,,,
0,,,,,,,,
0,,,,,,,,
0,,,,,,,,
0,,,,,,,,
0,,,,,,,,
12,,,,,,,,
0,,,,,,,,
0,,,,,,,,
0,,,,,,,,
0,,,,,,,,
0,,,,,,,,
0,,,,,,,,
0,,,,,,,,
0,,,,,,,,
0,,,,,,,,
0,,,,,,,,
0,,,,,,,,
0,,,,,,,,
0,,,,,,,,
0,,,,,,,,
0,,,,,,,,
0,,,,,,,,
0,,,,,,,,
0,,,,,,,,
0,,,,,,,,
0,,,,,,,,
0,,,,,,,,
0,,,,,,,,
0,,,,,,,,
0,,,,,,,,
0,,,,,,,,
0,,,,,,,,
0,,,,,,,,
0,,,,,,,,
0,,,,,,,,
0,,,,,,,,
0,,,,,,,,
0,,,,,,,,
0,,,,,,,,
0,,,,,,,,
0,,,,,,,,
0,,,,,,,,
0,,,,,,,,
0,,,,,,,,
0,,,,,,,,
0,,,,,,,,
0,,,,,,,,
0,,,,,,,,
0,,,,,,,,
0,,,,,,,,
0,,,,,,,,
0,,,,,,,,
0,,,,,,,,
0,,,,,,,,
0,,,,,,,,
0,,,,,,,,
0,,,,,,,,
0,,,,,,,,
0,,,,,,,,
0,,,,,,,,
0,,,,,,,,
0,,,,,,,,
0,,,,,,,,
0,,,,,,,,
0,,,,,,,,
0,,,,,,,,
0,,,,,,,,
0,,,,,,,,
0,,,,,,,,
0,,,,,,,,
0,,,,,,,,
0,,,,,,,,
0,,,,,,,,
0,,,,,,,,
0,,,,,,,,
0,,,,,,,,
0,,,,,,,,
0,,,,,,,,
0,,,,,,,,
0,,,,,,,,
0,,,,,,,,
0,,,,,,,,
0,,,,,,,,
0,,,,,,,,
0,,,,,,,,
0,,,,,,,,
0,,,,,,,,
0,,,,,,,,
0,,,,,,,,
0,,,,,,,,
0,,,,,,,,
0,,,,,,,,
0,,,,,,,,
0,,,,,,,,
0,,,,,,,,
0,,,,,,,,
0,,,,,,,,
0,,,,,,,,
0,,,,,,,,
0,,,,,,,,
0,,,,,,,,
0,,,,,,,,
0,,,,,,,,
0,,,,,,,,
0,,,,,,,,
0,,,,,,,,
0,,,,,,,,
0,,,,,,,,
0,,,,,,,,
0,,,,,,,,
0,,,,,,,,
13,,,,,,,,
0,,,,,,,,
0,,,,,,,,
0,,,,,,,,
0,,,,,,,,
0,,,,,,,,
0,,,,,,,,
0,,,,,,,,
0,,,,,,,,
0,,,,,,,,
0,,,,,,,,
0,,,,,,,,
0,,,,,,,,
0,,,,,,,,
0,,,,,,,,
0,,,,,,,,
0,,,,,,,,
0,,,,,,,,
0,,,,,,,,
0,,,,,,,,
0,,,,,,,,
0,,,,,,,,
0,,,,,,,,
0,,,,,,,,
0,,,,,,,,
0,,,,,,,,
0,,,,,,,,
0,,,,,,,,
0,,,,,,,,
0,,,,,,,,
0,,,,,,,,
0,,,,,,,,
0,,,,,,,,
0,,,,,,,,
0,,,,,,,,
0,,,,,,,,
0,,,,,,,,
0,,,,,,,,
0,,,,,,,,
0,,,,,,,,
0,,,,,,,,
0,,,,,,,,
0,,,,,,,,
0,,,,,,,,
0,,,,,,,,
0,,,,,,,,
0,,,,,,,,
0,,,,,,,,
0,,,,,,,,
0,,,,,,,,
0,,,,,,,,
0,,,,,,,,
0,,,,,,,,
0,,,,,,,,
0,,,,,,,,
0,,,,,,,,
0,,,,,,,,
0,,,,,,,,
0,,,,,,,,
0,,,,,,,,
0,,,,,,,,
0,,,,,,,,
0,,,,,,,,
0,,,,,,,,
0,,,,,,,,
0,,,,,,,,
0,,,,,,,,
0,,,,,,,,
0,,,,,,,,
0,,,,,,,,
0,,,,,,,,
0,,,,,,,,
0,,,,,,,,
0,,,,,,,,
0,,,,,,,,
0,,,,,,,,
0,,,,,,,,
0,,,,,,,,
0,,,,,,,,
0,,,,,,,,
14,,,,,,,,
15,,,,,,,,
16,,,,,,,,
0,,,,,,,,
0,,,,,,,,
0,,,,,,,,
0,,,,,,,,
17,,,,,,,,
0,,,,,,,,
0,,,,,,,,
0,,,,,,,,
0,,,,,,,,
0,,,,,,,,
0,,,,,,,,
0,,,,,,,,
0,,,,,,,,
0,,,,,,,,
0,,,,,,,,
0,,,,,,,,
0,,,,,,,,
0,,,,,,,,
0,,,,,,,,
0,,,,,,,,
0,,,,,,,,
0,,,,,,,,
18,,,,,,,,
0,,,,,,,,
0,,,,,,,,
0,,,,,,,,
0,,,,,,,,
0,,,,,,,,
0,,,,,,,,
0,,,,,,,,
0,,,,,,,,
0,,,,,,,,
19,,,,,,,,
0,,,,,,,,
0,,,,,,,,
0,,,,,,,,
0,,,,,,,,
0,,,,,,,,
0,,,,,,,,
0,,,,,,,,
0,,,,,,,,
0,,,,,,,,
0,,,,,,,,
0,,,,,,,,
0,,,,,,,,
0,,,,,,,,
0,,,,,,,,
0,,,,,,,,
20,,,,,,,,
21,,,,,,,,
0,,,,,,,,
0,,,,,,,,
0,,,,,,,,
0,,,,,,,,
0,,,,,,,,
22,,,,,,,,
1,,,,,,,,
0,,,,,,,,
0,,,,,,,,
0,,,,,,,,
0,,,,,,,,
0,,,,,,,,
0,,,,,,,,
0,,,,,,,,
2,,,,,,,,
0,,,,,,,,
0,,,,,,,,
0,,,,,,,,
0,,,,,,,,
0,,,,,,,,
0,,,,,,,,
0,,,,,,,,
0,,,,,,,,
0,,,,,,,,
0,,,,,,,,
0,,,,,,,,
0,,,,,,,,
0,,,,,,,,
0,,,,,,,,
0,,,,,,,,
0,,,,,,,,
0,,,,,,,,
0,,,,,,,,
0,,,,,,,,
0,,,,,,,,
0,,,,,,,,
0,,,,,,,,
0,,,,,,,,
0,,,,,,,,
0,,,,,,,,
0,,,,,,,,
0,,,,,,,,
0,,,,,,,,
0,,,,,,,,
0,,,,,,,,
0,,,,,,,,
0,,,,,,,,
0,,,,,,,,
0,,,,,,,,
0,,,,,,,,
0,,,,,,,,
0,,,,,,,,
0,,,,,,,,
0,,,,,,,,
0,,,,,,,,
0,,,,,,,,
0,,,,,,,,
0,,,,,,,,
0,,,,,,,,
0,,,,,,,,
0,,,,,,,,
0,,,,,,,,
0,,,,,,,,
0,,,,,,,,
0,,,,,,,,
0,,,,,,,,
3,,,,,,,,
4,,,,,,,,
5,,,,,,,,
6,,,,,,,,
7,,,,,,,,
0,,,,,,,,
0,,,,,,,,
0,,,,,,,,
0,,,,,,,,
0,,,,,,,,
0,,,,,,,,
0,,,,,,,,
0,,,,,,,,
0,,,,,,,,
0,,,,,,,,
0,,,,,,,,
0,,,,,,,,
0,,,,,,,,
0,,,,,,,,
0,,,,,,,,
0,,,,,,,,
0,,,,,,,,
0,,,,,,,,
0,,,,,,,,
0,,,,,,,,
0,,,,,,,,
0,,,,,,,,
0,,,,,,,,
0,,,,,,,,
0,,,,,,,,
0,,,,,,,,
0,,,,,,,,
0,,,,,,,,
0,,,,,,,,
0,,,,,,,,
0,,,,,,,,
0,,,,,,,,
0,,,,,,,,
0,,,,,,,,
0,,,,,,,,
0,,,,,,,,
0,,,,,,,,
0,,,,,,,,
0,,,,,,,,
0,,,,,,,,
0,,,,,,,,
0,,,,,,,,
8,,,,,,,,
9,,,,,,,,
10,,,,,,,,
11,,,,,,,,
0,,,,,,,,
0,,,,,,,,
0,,,,,,,,
0,,,,,,,,
0,,,,,,,,
0,,,,,,,,
0,,,,,,,,
0,,,,,,,,
0,,,,,,,,
12,,,,,,,,
0,,,,,,,,
0,,,,,,,,
0,,,,,,,,
0,,,,,,,,
0,,,,,,,,
0,,,,,,,,
0,,,,,,,,
0,,,,,,,,
0,,,,,,,,
0,,,,,,,,
0,,,,,,,,
0,,,,,,,,
0,,,,,,,,
0,,,,,,,,
0,,,,,,,,
0,,,,,,,,
0,,,,,,,,
0,,,,,,,,
0,,,,,,,,
0,,,,,,,,
0,,,,,,,,
0,,,,,,,,
0,,,,,,,,
0,,,,,,,,
0,,,,,,,,
0,,,,,,,,
0,,,,,,,,
0,,,,,,,,
0,,,,,,,,
0,,,,,,,,
0,,,,,,,,
0,,,,,,,,
0,,,,,,,,
0,,,,,,,,
0,,,,,,,,
0,,,,,,,,
0,,,,,,,,
0,,,,,,,,
0,,,,,,,,
0,,,,,,,,
0,,,,,,,,
0,,,,,,,,
0,,,,,,,,
0,,,,,,,,
0,,,,,,,,
0,,,,,,,,
0,,,,,,,,
0,,,,,,,,
0,,,,,,,,
0,,,,,,,,
0,,,,,,,,
0,,,,,,,,
0,,,,,,,,
0,,,,,,,,
0,,,,,,,,
0,,,,,,,,
0,,,,,,,,
0,,,,,,,,
0,,,,,,,,
0,,,,,,,,
0,,,,,,,,
0,,,,,,,,
0,,,,,,,,
0,,,,,,,,
0,,,,,,,,
0,,,,,,,,
0,,,,,,,,
0,,,,,,,,
0,,,,,,,,
0,,,,,,,,
0,,,,,,,,
0,,,,,,,,
0,,,,,,,,
0,,,,,,,,
0,,,,,,,,
0,,,,,,,,
0,,,,,,,,
0,,,,,,,,
0,,,,,,,,
0,,,,,,,,
0,,,,,,,,
0,,,,,,,,
0,,,,,,,,
0,,,,,,,,
0,,,,,,,,
0,,,,,,,,
0,,,,,,,,
0,,,,,,,,
0,,,,,,,,
0,,,,,,,,
0,,,,,,,,
0,,,,,,,,
0,,,,,,,,
0,,,,,,,,
0,,,,,,,,
0,,,,,,,,
0,,,,,,,,
0,,,,,,,,
0,,,,,,,,
0,,,,,,,,
0,,,,,,,,
0,,,,,,,,
0,,,,,,,,
0,,,,,,,,
0,,,,,,,,
13,,,,,,,,
0,,,,,,,,
0,,,,,,,,
0,,,,,,,,
0,,,,,,,,
0,,,,,,,,
0,,,,,,,,
0,,,,,,,,
0,,,,,,,,
0,,,,,,,,
0,,,,,,,,
0,,,,,,,,
0,,,,,,,,
0,,,,,,,,
0,,,,,,,,
0,,,,,,,,
0,,,,,,,,
0,,,,,,,,
0,,,,,,,,
0,,,,,,,,
0,,,,,,,,
0,,,,,,,,
0,,,,,,,,
0,,,,,,,,
0,,,,,,,,
0,,,,,,,,
0,,,,,,,,
0,,,,,,,,
0,,,,,,,,
0,,,,,,,,
0,,,,,,,,
0,,,,,,,,
0,,,,,,,,
0,,,,,,,,
0,,,,,,,,
0,,,,,,,,
0,,,,,,,,
0,,,,,,,,
0,,,,,,,,
0,,,,,,,,
0,,,,,,,,
0,,,,,,,,
0,,,,,,,,
0,,,,,,,,
0,,,,,,,,
0,,,,,,,,
0,,,,,,,,
0,,,,,,,,
0,,,,,,,,
0,,,,,,,,
0,,,,,,,,
0,,,,,,,,
0,,,,,,,,
0,,,,,,,,
0,,,,,,,,
0,,,,,,,,
0,,,,,,,,
0,,,,,,,,
0,,,,,,,,
0,,,,,,,,
0,,,,,,,,
0,,,,,,,,
0,,,,,,,,
0,,,,,,,,
0,,,,,,,,
0,,,,,,,,
0,,,,,,,,
0,,,,,,,,
0,,,,,,,,
0,,,,,,,,
0,,,,,,,,
0,,,,,,,,
0,,,,,,,,
0,,,,,,,,
0,,,,,,,,
0,,,,,,,,
0,,,,,,,,
0,,,,,,,,
0,,,,,,,,
0,,,,,,,,
14,,,,,,,,
15,,,,,,,,
16,,,,,,,,
0,,,,,,,,
0,,,,,,,,
0,,,,,,,,
0,,,,,,,,
0,,,,,,,,
17,,,,,,,,
0,,,,,,,,
0,,,,,,,,
0,,,,,,,,
0,,,,,,,,
0,,,,,,,,
0,,,,,,,,
0,,,,,,,,
0,,,,,,,,
0,,,,,,,,
0,,,,,,,,
0,,,,,,,,
0,,,,,,,,
0,,,,,,,,
0,,,,,,,,
0,,,,,,,,
0,,,,,,,,
18,,,,,,,,
0,,,,,,,,
0,,,,,,,,
0,,,,,,,,
0,,,,,,,,
0,,,,,,,,
0,,,,,,,,
0,,,,,,,,
0,,,,,,,,
0,,,,,,,,
19,,,,,,,,
19,,,,,,,,
0,,,,,,,,
0,,,,,,,,
0,,,,,,,,
0,,,,,,,,
0,,,,,,,,
0,,,,,,,,
0,,,,,,,,
0,,,,,,,,
0,,,,,,,,
0,,,,,,,,
0,,,,,,,,
0,,,,,,,,
0,,,,,,,,
0,,,,,,,,
20,,,,,,,,
21,,,,,,,,
0,,,,,,,,
0,,,,,,,,
0,,,,,,,,
0,,,,,,,,
0,,,,,,,,
22,,,,,,,,
1,,,,,,,,
0,,,,,,,,
0,,,,,,,,
0,,,,,,,,
0,,,,,,,,
0,,,,,,,,
0,,,,,,,,
0,,,,,,,,
2,,,,,,,,
0,,,,,,,,
0,,,,,,,,
0,,,,,,,,
0,,,,,,,,
0,,,,,,,,
0,,,,,,,,
0,,,,,,,,
0,,,,,,,,
0,,,,,,,,
0,,,,,,,,
0,,,,,,,,
0,,,,,,,,
0,,,,,,,,
0,,,,,,,,
0,,,,,,,,
0,,,,,,,,
0,,,,,,,,
0,,,,,,,,
0,,,,,,,,
0,,,,,,,,
0,,,,,,,,
0,,,,,,,,
0,,,,,,,,
0,,,,,,,,
0,,,,,,,,
0,,,,,,,,
0,,,,,,,,
0,,,,,,,,
0,,,,,,,,
0,,,,,,,,
0,,,,,,,,
0,,,,,,,,
0,,,,,,,,
0,,,,,,,,
0,,,,,,,,
0,,,,,,,,
0,,,,,,,,
0,,,,,,,,
0,,,,,,,,
0,,,,,,,,
0,,,,,,,,
0,,,,,,,,
0,,,,,,,,
3,,,,,,,,
4,,,,,,,,
5,,,,,,,,
6,,,,,,,,
7,,,,,,,,
0,,,,,,,,
0,,,,,,,,
0,,,,,,,,
0,,,,,,,,
0,,,,,,,,
0,,,,,,,,
0,,,,,,,,
0,,,,,,,,
0,,,,,,,,
0,,,,,,,,
0,,,,,,,,
0,,,,,,,,
0,,,,,,,,
0,,,,,,,,
0,,,,,,,,
0,,,,,,,,
0,,,,,,,,
0,,,,,,,,
0,,,,,,,,
0,,,,,,,,
0,,,,,,,,
0,,,,,,,,
0,,,,,,,,
0,,,,,,,,
0,,,,,,,,
0,,,,,,,,
0,,,,,,,,
0,,,,,,,,
0,,,,,,,,
0,,,,,,,,
0,,,,,,,,
0,,,,,,,,
0,,,,,,,,
0,,,,,,,,
0,,,,,,,,
0,,,,,,,,
0,,,,,,,,
0,,,,,,,,
0,,,,,,,,
0,,,,,,,,
0,,,,,,,,
0,,,,,,,,
8,,,,,,,,
9,,,,,,,,
10,,,,,,,,
11,,,,,,,,
0,,,,,,,,
0,,,,,,,,
0,,,,,,,,
0,,,,,,,,
0,,,,,,,,
0,,,,,,,,
0,,,,,,,,
0,,,,,,,,
0,,,,,,,,
0,,,,,,,,
0,,,,,,,,
0,,,,,,,,
0,,,,,,,,
0,,,,,,,,
0,,,,,,,,
0,,,,,,,,
0,,,,,,,,
0,,,,,,,,
12,,,,,,,,
0,,,,,,,,
0,,,,,,,,
0,,,,,,,,
0,,,,,,,,
0,,,,,,,,
0,,,,,,,,
0,,,,,,,,
0,,,,,,,,
0,,,,,,,,
0,,,,,,,,
0,,,,,,,,
0,,,,,,,,
0,,,,,,,,
0,,,,,,,,
0,,,,,,,,
0,,,,,,,,
0,,,,,,,,
0,,,,,,,,
0,,,,,,,,
0,,,,,,,,
0,,,,,,,,
0,,,,,,,,
0,,,,,,,,
0,,,,,,,,
0,,,,,,,,
0,,,,,,,,
0,,,,,,,,
0,,,,,,,,
0,,,,,,,,
0,,,,,,,,
0,,,,,,,,
0,,,,,,,,
0,,,,,,,,
0,,,,,,,,
0,,,,,,,,
0,,,,,,,,
0,,,,,,,,
0,,,,,,,,
0,,,,,,,,
0,,,,,,,,
0,,,,,,,,
0,,,,,,,,
0,,,,,,,,
0,,,,,,,,
0,,,,,,,,
0,,,,,,,,
0,,,,,,,,
0,,,,,,,,
0,,,,,,,,
0,,,,,,,,
0,,,,,,,,
0,,,,,,,,
0,,,,,,,,
0,,,,,,,,
0,,,,,,,,
0,,,,,,,,